{"cameraMode":{"drawMode":0,"name":"Shaded","section":"Shading Mode"},"sceneLighting":false,"audioPlay":false,"sceneViewState":{"showFog":true,"showMaterialUpdate":false,"showSkybox":true,"showFlares":true,"showImageEffects":true,"showParticleSystems":true},"in2DMode":false,"pivot":{"x":0.00028884410858154297,"y":0.7876560688018799,"z":0.0},"rotation":{"x":0.002058750484138727,"y":-0.9970715045928955,"z":0.0707210898399353,"w":0.02902865968644619},"size":3.4254648685455324,"orthographic":false}