{"cameraMode":{"drawMode":0,"name":"Shaded","section":"Shading Mode"},"sceneLighting":true,"audioPlay":false,"sceneViewState":{"showFog":true,"showMaterialUpdate":false,"showSkybox":true,"showFlares":true,"showImageEffects":true,"showParticleSystems":true},"in2DMode":false,"pivot":{"x":42.52632141113281,"y":7.238863945007324,"z":61.054115295410159},"rotation":{"x":0.17074096202850343,"y":-0.6996331214904785,"z":0.17812077701091767,"w":0.670547604560852},"size":28.738513946533204,"orthographic":false}