{"cameraMode":{"drawMode":0,"name":"Shaded","section":"Shading Mode"},"sceneLighting":true,"audioPlay":false,"sceneViewState":{"showFog":true,"showMaterialUpdate":false,"showSkybox":true,"showFlares":true,"showImageEffects":true,"showParticleSystems":true},"in2DMode":false,"pivot":{"x":-0.5702812671661377,"y":11.552684783935547,"z":61.946807861328128},"rotation":{"x":-0.01870681159198284,"y":-0.3282604515552521,"z":0.006517182569950819,"w":-0.9443795084953308},"size":145.46961975097657,"orthographic":false}